,first_aa,second_aa,a_slope,h_slope
1,R,R,-1.898903317,-0.452613347
2,H,R,-1.615290278,-0.673371607
3,K,R,-1.167003352,NA
4,A,R,-1.726966112,-0.635599063
5,V,R,-1.324956218,-0.564797577
6,I,R,-1.663791294,-0.687063433
7,L,R,-1.561017217,-0.930591519
8,M,R,-2.043214548,-0.622588222
9,W,R,-1.107561048,NA
10,Y,R,-1.32766857,NA
11,F,R,-1.422857366,NA
12,S,R,-1.426593807,-0.531654757
13,T,R,-1.42145463,-1.139345615
14,N,R,-1.561952173,-0.626163671
15,Q,R,-1.859900164,-0.687543771
16,C,R,-1.540145227,-0.576522001
17,G,R,-1.837508174,-1.300079295
18,P,R,-1.663194003,-0.446015849
19,D,R,NA,NA
20,E,R,-1.058461077,NA
21,R,H,-1.566999376,-0.812897357
22,H,H,-1.591864205,-0.633303871
23,K,H,NA,NA
24,A,H,-1.281043519,-0.503926411
25,V,H,-1.709449799,NA
26,I,H,NA,NA
27,L,H,-1.377739733,NA
28,M,H,-1.540979832,-0.367400449
29,W,H,-1.582687014,-0.341675639
30,Y,H,NA,NA
31,F,H,NA,NA
32,S,H,-1.356303014,NA
33,T,H,-1.263523476,NA
34,N,H,NA,NA
35,Q,H,-1.441890047,NA
36,C,H,-1.528888403,NA
37,G,H,-1.354207071,NA
38,P,H,-1.32807086,NA
39,D,H,-1.594823431,NA
40,E,H,NA,-1.031374827
41,R,K,-1.559853245,-0.353812506
42,H,K,NA,NA
43,K,K,NA,NA
44,A,K,-1.356188991,NA
45,V,K,NA,NA
46,I,K,NA,NA
47,L,K,NA,NA
48,M,K,NA,NA
49,W,K,-1.910188692,NA
50,Y,K,NA,NA
51,F,K,NA,NA
52,S,K,NA,NA
53,T,K,NA,NA
54,N,K,NA,NA
55,Q,K,NA,NA
56,C,K,NA,NA
57,G,K,NA,NA
58,P,K,-1.335636511,NA
59,D,K,NA,NA
60,E,K,NA,NA
61,R,A,-1.608836318,-1.079288597
62,H,A,-1.729236447,-0.414454089
63,K,A,-1.391734202,-0.670091752
64,A,A,-1.397120431,NA
65,V,A,-0.778169318,-0.236111337
66,I,A,-0.918274463,NA
67,L,A,-0.555100296,NA
68,M,A,-1.330232875,NA
69,W,A,-1.027754751,NA
70,Y,A,-1.202727276,-0.318989152
71,F,A,-1.322015803,NA
72,S,A,-1.471911532,-0.571793794
73,T,A,-1.593014043,-0.498224106
74,N,A,-1.59590041,-0.740721216
75,Q,A,-1.698596456,NA
76,C,A,-1.539171446,-0.489029766
77,G,A,-0.98146806,-0.542385233
78,P,A,-1.291734392,NA
79,D,A,-1.522585125,-0.856399229
80,E,A,-1.409759014,NA
81,R,V,-1.608320978,-0.745976742
82,H,V,-1.4476142,-0.955097411
83,K,V,NA,NA
84,A,V,-0.923594918,-0.255359794
85,V,V,-1.561382805,NA
86,I,V,NA,NA
87,L,V,-0.690681392,NA
88,M,V,-1.396124283,NA
89,W,V,-1.482469983,-0.407809426
90,Y,V,-1.419442425,NA
91,F,V,-1.425372152,NA
92,S,V,-1.785163181,-0.407037903
93,T,V,-1.247905826,NA
94,N,V,NA,NA
95,Q,V,-1.494286517,NA
96,C,V,-1.444338837,NA
97,G,V,-1.331476832,-0.318052773
98,P,V,-0.984069405,NA
99,D,V,-1.400493499,-0.770783724
100,E,V,-1.311130359,NA
101,R,I,-1.967166092,NA
102,H,I,NA,NA
103,K,I,NA,NA
104,A,I,-1.079248134,NA
105,V,I,NA,NA
106,I,I,NA,NA
107,L,I,NA,NA
108,M,I,NA,NA
109,W,I,-1.56710599,-0.822563245
110,Y,I,NA,NA
111,F,I,NA,NA
112,S,I,NA,NA
113,T,I,NA,NA
114,N,I,NA,NA
115,Q,I,-1.400010829,NA
116,C,I,-1.097324737,NA
117,G,I,-1.650608634,NA
118,P,I,-1.19157367,-0.421758149
119,D,I,NA,NA
120,E,I,NA,NA
121,R,L,-1.342705434,-0.324546773
122,H,L,-1.162356814,NA
123,K,L,NA,NA
124,A,L,-0.675512219,NA
125,V,L,-0.661993633,NA
126,I,L,NA,NA
127,L,L,-1.588398857,NA
128,M,L,-1.462444358,NA
129,W,L,-1.369878496,-0.459957108
130,Y,L,NA,NA
131,F,L,NA,NA
132,S,L,-1.127150844,NA
133,T,L,-1.105351664,NA
134,N,L,NA,NA
135,Q,L,-1.3391633,NA
136,C,L,-1.325200222,NA
137,G,L,-1.465178028,-0.265482157
138,P,L,-1.059894179,-0.314344916
139,D,L,0.51962955,0.135026167
140,E,L,NA,NA
141,R,M,-2.023602489,-0.727835484
142,H,M,-1.60877519,NA
143,K,M,NA,NA
144,A,M,-1.153270693,-0.298149827
145,V,M,-1.468230174,NA
146,I,M,NA,NA
147,L,M,-1.590402422,NA
148,M,M,-1.5453571,-0.357041581
149,W,M,-1.610771994,-0.453459367
150,Y,M,NA,NA
151,F,M,NA,NA
152,S,M,-1.30971991,NA
153,T,M,-1.357389754,NA
154,N,M,NA,NA
155,Q,M,-1.0963798,-0.477785783
156,C,M,-1.731114537,NA
157,G,M,-1.215543031,NA
158,P,M,-1.18974012,NA
159,D,M,-1.5538571,NA
160,E,M,-1.511264319,NA
161,R,W,-0.851113604,NA
162,H,W,-1.269056645,NA
163,K,W,-1.374560653,NA
164,A,W,-0.870348052,-0.219267518
165,V,W,-1.697506747,-0.549924706
166,I,W,NA,-1.022836803
167,L,W,-1.064946924,-0.446965449
168,M,W,-1.238412223,-0.951347091
169,W,W,-0.843080009,NA
170,Y,W,-0.700183269,NA
171,F,W,NA,NA
172,S,W,-0.647209952,-0.30312801
173,T,W,-1.025536485,NA
174,N,W,-1.001378128,-0.407014621
175,Q,W,-1.388471373,-0.375687293
176,C,W,-1.498474378,-0.325374128
177,G,W,NA,NA
178,P,W,-1.391481673,NA
179,D,W,0.469067353,NA
180,E,W,-1.544642837,-0.742576503
181,R,Y,-1.531067387,-0.640397645
182,H,Y,NA,NA
183,K,Y,NA,NA
184,A,Y,-1.504591786,-0.524697004
185,V,Y,NA,NA
186,I,Y,NA,NA
187,L,Y,NA,NA
188,M,Y,NA,NA
189,W,Y,-1.361717156,-0.716195646
190,Y,Y,NA,NA
191,F,Y,NA,NA
192,S,Y,NA,NA
193,T,Y,NA,NA
194,N,Y,NA,NA
195,Q,Y,NA,NA
196,C,Y,NA,NA
197,G,Y,-1.446375617,-0.381124805
198,P,Y,-1.516252414,NA
199,D,Y,NA,NA
200,E,Y,NA,NA
201,R,F,-1.435496245,NA
202,H,F,-1.309094801,NA
203,K,F,NA,NA
204,A,F,-1.267876803,NA
205,V,F,-1.419224384,NA
206,I,F,NA,NA
207,L,F,NA,NA
208,M,F,NA,NA
209,W,F,-1.554492396,NA
210,Y,F,NA,NA
211,F,F,NA,NA
212,S,F,NA,NA
213,T,F,NA,NA
214,N,F,NA,NA
215,Q,F,NA,NA
216,C,F,-1.428391388,NA
217,G,F,-1.608585686,-0.34792865
218,P,F,-1.411552745,NA
219,D,F,NA,NA
220,E,F,NA,NA
221,R,S,-1.217539487,NA
222,H,S,-1.648065801,-1.081197545
223,K,S,NA,NA
224,A,S,-1.834965989,-0.759559362
225,V,S,-1.469736305,NA
226,I,S,NA,NA
227,L,S,-1.304798766,NA
228,M,S,-1.693872204,NA
229,W,S,-0.812719428,-0.266932672
230,Y,S,NA,NA
231,F,S,NA,NA
232,S,S,-1.120646509,NA
233,T,S,-1.346594225,-0.423614791
234,N,S,NA,NA
235,Q,S,-1.635991122,NA
236,C,S,-0.98548548,NA
237,G,S,-1.557927963,NA
238,P,S,-1.312996216,NA
239,D,S,-1.302209439,NA
240,E,S,NA,NA
241,R,T,-1.549737877,-0.653811665
242,H,T,-1.167859969,NA
243,K,T,NA,NA
244,A,T,-1.328846473,-0.55181539
245,V,T,-1.49020299,NA
246,I,T,NA,NA
247,L,T,-1.288157484,NA
248,M,T,-1.016019712,NA
249,W,T,-0.963610113,NA
250,Y,T,NA,NA
251,F,T,NA,NA
252,S,T,-1.47900832,-0.698754246
253,T,T,-1.455035666,NA
254,N,T,NA,NA
255,Q,T,NA,NA
256,C,T,-1.472697493,NA
257,G,T,-1.531509095,-0.640001427
258,P,T,-1.608668009,NA
259,D,T,-1.437472209,-0.484815572
260,E,T,NA,NA
261,R,N,-1.683166164,-0.538774679
262,H,N,NA,NA
263,K,N,NA,NA
264,A,N,-0.938253364,NA
265,V,N,-1.112850406,NA
266,I,N,NA,NA
267,L,N,NA,NA
268,M,N,NA,NA
269,W,N,-0.911143472,-0.363323777
270,Y,N,NA,NA
271,F,N,NA,NA
272,S,N,NA,NA
273,T,N,NA,NA
274,N,N,NA,NA
275,Q,N,NA,NA
276,C,N,NA,NA
277,G,N,-1.562621333,-0.935970303
278,P,N,-1.379263947,-1.11558999
279,D,N,NA,NA
280,E,N,NA,NA
281,R,Q,-1.714904001,-0.483716838
282,H,Q,-1.45192535,NA
283,K,Q,NA,NA
284,A,Q,-1.335934561,-0.765389463
285,V,Q,-1.708178914,-0.495291114
286,I,Q,-1.19174858,NA
287,L,Q,-0.943529524,NA
288,M,Q,NA,NA
289,W,Q,-1.32265109,-0.366969925
290,Y,Q,NA,NA
291,F,Q,-1.323869074,NA
292,S,Q,-1.208081771,NA
293,T,Q,-1.426280045,NA
294,N,Q,NA,NA
295,Q,Q,NA,NA
296,C,Q,-1.365190014,NA
297,G,Q,-1.32818843,-1.238043079
298,P,Q,-1.376519623,NA
299,D,Q,NA,NA
300,E,Q,NA,NA
301,R,C,-1.830560956,-0.478248128
302,H,C,-0.998774466,-0.983452484
303,K,C,NA,NA
304,A,C,-1.702195602,-0.406160111
305,V,C,-1.945028732,NA
306,I,C,-1.290601768,NA
307,L,C,-1.409195604,NA
308,M,C,-1.257060355,NA
309,W,C,-1.321614066,NA
310,Y,C,NA,NA
311,F,C,-1.224858793,-0.66858897
312,S,C,-0.837571937,NA
313,T,C,-1.690361673,-1.045039075
314,N,C,NA,NA
315,Q,C,-1.509307039,-0.513317333
316,C,C,-1.96454833,-0.743766256
317,G,C,-1.571718336,-0.496448701
318,P,C,-1.799625701,-0.431644003
319,D,C,NA,NA
320,E,C,-1.459869203,NA
321,R,G,-1.614950224,-0.654644011
322,H,G,-1.667098523,-0.772154721
323,K,G,-1.512269959,NA
324,A,G,-1.254673807,NA
325,V,G,-1.250604232,-0.251490815
326,I,G,-1.494797578,NA
327,L,G,-1.283093769,NA
328,M,G,-1.249293607,-0.301116172
329,W,G,NA,NA
330,Y,G,-1.510885245,NA
331,F,G,-1.497108184,-0.298070522
332,S,G,-1.604888638,NA
333,T,G,-1.601233106,-0.667197746
334,N,G,-1.111718847,-1.160464463
335,Q,G,-1.640273207,-0.987521915
336,C,G,-1.15420997,-0.572284177
337,G,G,NA,NA
338,P,G,-1.420525575,-0.49650008
339,D,G,-1.247340135,NA
340,E,G,-1.366181225,-1.113782735
341,R,P,-1.901097242,NA
342,H,P,-1.678423122,NA
343,K,P,-1.202773199,NA
344,A,P,-1.449902989,NA
345,V,P,-0.826270659,NA
346,I,P,-1.208848699,-0.313782612
347,L,P,-1.187473291,NA
348,M,P,-0.59488852,NA
349,W,P,-1.89469013,NA
350,Y,P,-1.879007672,NA
351,F,P,-1.141780456,NA
352,S,P,-1.499845712,-0.831631418
353,T,P,-1.421506871,NA
354,N,P,NA,NA
355,Q,P,-1.636360954,NA
356,C,P,-2.047694755,NA
357,G,P,-1.130639911,-0.85436349
358,P,P,NA,NA
359,D,P,NA,NA
360,E,P,NA,NA
361,R,D,-1.543128366,NA
362,H,D,NA,NA
363,K,D,NA,NA
364,A,D,-1.70272943,NA
365,V,D,-1.354459956,-0.950617893
366,I,D,NA,NA
367,L,D,-2.079411389,NA
368,M,D,-1.503590257,-1.250821567
369,W,D,0.590034343,NA
370,Y,D,NA,NA
371,F,D,-2.294228131,NA
372,S,D,-1.188998052,NA
373,T,D,-1.229020409,-0.811293882
374,N,D,NA,NA
375,Q,D,NA,NA
376,C,D,-1.386631037,-1.056485637
377,G,D,-1.081453973,-0.900877659
378,P,D,NA,NA
379,D,D,-1.385165212,-0.950931378
380,E,D,NA,NA
381,R,E,-1.43484894,NA
382,H,E,-1.499206949,NA
383,K,E,NA,NA
384,A,E,-1.184744052,-0.967287767
385,V,E,NA,-0.940763964
386,I,E,NA,NA
387,L,E,-1.194410153,NA
388,M,E,-1.641207886,-0.91967668
389,W,E,-1.703012997,-0.30437948
390,Y,E,NA,NA
391,F,E,NA,NA
392,S,E,-1.200188335,NA
393,T,E,NA,NA
394,N,E,NA,NA
395,Q,E,NA,NA
396,C,E,-1.632196711,-0.802054261
397,G,E,NA,NA
398,P,E,-1.491277428,-0.905055001
399,D,E,-1.260247462,NA
400,E,E,NA,NA
